badPwdCount,lastLogonTimestamp,logonCount,pwdLastSet,sAMAccountName,whenCreated
0,"2018-03-07T16:37:04.992946Z",378,"2018-02-22T20:21:03.107914Z",user9,"20161117075431.0Z"
0,"2018-03-15T15:34:39.244964Z",26809,"2018-03-07T12:34:38.298405Z",user49,"20161117075221.0Z"
0,"2018-03-12T17:05:05.022760Z",341,"2018-02-22T20:58:01.348967Z",user56,"20161117074553.0Z"
0,"2018-03-09T00:35:32.729276Z",5186,"2018-02-07T00:29:19.015362Z",user61,"20161117075337.0Z"
0,"2018-01-02T15:31:04.019236Z",2357,"2017-12-04T14:37:27.290075Z",user88,"20161117073215.0Z"
0,"2018-03-08T23:29:55.854326Z",636,"2018-01-08T18:56:31.479250Z",user90,"20161117075131.0Z"
0,"2018-03-09T18:34:53.291082Z",134,"2018-01-25T00:03:30.001287Z",user91,"20161117074332.0Z"
0,"2018-03-04T08:59:54.628838Z",50,"2018-01-16T04:42:07.091904Z",user116,"20161117053313.0Z"
0,"2018-03-14T21:33:23.902720Z",990,"2018-02-16T22:08:52.930573Z",user124,"20161117074500.0Z"
0,"2018-03-15T21:25:51.854678Z",808,"2018-02-12T14:51:09.110118Z",user125,"20161117075148.0Z"
0,"2018-03-17T03:52:15.775339Z",498,"2018-03-16T16:58:05.241352Z",user128,"20161117074632.0Z"
0,"2018-03-15T18:16:01.642477Z",776,"2018-02-15T17:57:08.018024Z",user150,"20161117074751.0Z"
0,"2018-03-07T22:04:33.223907Z",508,"2018-02-20T18:54:17.015682Z",user152,"20161117075148.0Z"
,"2017-09-20T15:05:22.005297Z",,"2017-06-30T21:15:46.529103Z",user161,"20161117052854.0Z"
0,"2018-01-11T03:33:42.142241Z",12,"2018-01-11T03:33:40.445294Z",user168,"20161117052835.0Z"
,,,"2015-10-14T07:49:06.093953Z",user170,"20161117004639.0Z"
0,"2018-03-16T12:47:33.068545Z",1058,"2017-12-18T15:03:23.636674Z",user187,"20161117074955.0Z"
0,"2018-03-08T03:43:05.830060Z",322,"2018-02-05T14:28:09.719662Z",user194,"20161117074937.0Z"
0,"2018-03-12T13:59:20.493051Z",4642,"2018-02-05T19:36:21.118936Z",user205,"20161117074937.0Z"
0,"2018-03-13T21:11:40.390521Z",9097,"2017-12-27T14:55:17.014931Z",user206,"20161117074955.0Z"
0,"2018-03-09T18:13:24.717129Z",72,"2018-03-12T16:13:20.121284Z",user211,"20161117074442.0Z"
0,"2018-03-05T16:23:11.015326Z",1529,"2017-12-18T08:47:20.910969Z",user220,"20161117075053.0Z"
0,"2018-03-14T02:23:08.444545Z",531,"2018-02-12T11:49:15.337889Z",user236,"20161117073232.0Z"
0,"2018-03-05T22:45:46.996681Z",1921,"2018-03-13T09:53:32.272431Z",user244,"20161117074807.0Z"
0,"2018-03-16T15:49:06.312511Z",441,"2018-03-05T16:44:49.444338Z",user247,"20161117074651.0Z"
0,"2018-03-14T16:28:51.812137Z",550,"2018-03-05T21:14:33.700964Z",user251,"20161117074553.0Z"
0,"2018-03-16T04:41:48.193565Z",987,"2018-02-05T20:44:41.539305Z",user266,"20161117075338.0Z"
0,"2018-03-15T13:25:04.252365Z",256,"2018-01-02T10:04:26.287817Z",user269,"20161117074535.0Z"
0,"2018-03-16T08:48:17.200490Z",769,"2018-03-01T20:25:14.413454Z",user271,"20161117073214.0Z"
0,"2018-03-09T08:02:47.633514Z",308,"2018-02-12T02:10:15.778651Z",user278,"20161117074900.0Z"
0,"2018-03-14T06:30:44.803831Z",59,"2018-03-05T01:48:03.157593Z",user281,"20161117075431.0Z"
0,"2018-03-15T17:37:44.045592Z",1060,"2018-01-11T17:56:48.169097Z",user297,"20161117074751.0Z"
0,"2018-03-06T17:44:16.043500Z",510,"2018-03-06T17:45:09.623482Z",user305,"20161117074841.0Z"
0,"2018-03-08T15:03:27.358043Z",118,"2018-03-08T15:02:53.336288Z",user314,"20161117053622.0Z"
0,"2018-03-14T18:36:03.028631Z",368,"2018-02-27T17:11:09.132402Z",user340,"20161117074500.0Z"
0,"2018-03-14T19:22:20.448582Z",555,"2018-03-07T23:32:17.646220Z",user344,"20161117074937.0Z"
0,"2018-03-16T13:54:15.263729Z",717,"2017-12-21T19:54:46.489059Z",user346,"20161117074553.0Z"
0,"2018-03-16T19:57:39.642210Z",918,"2018-02-01T15:49:37.393681Z",user360,"20161117074256.0Z"
0,"2018-03-15T07:30:59.314445Z",4041,"2018-03-12T16:25:07.107835Z",user363,"20161117074717.0Z"
0,"2018-03-12T18:01:04.381050Z",758,"2018-03-12T17:00:42.723368Z",user367,"20161117074652.0Z"
0,"2018-03-12T13:56:16.384809Z",169,"2018-02-05T01:59:11.756303Z",user368,"20161117075204.0Z"
0,"2018-03-15T18:47:14.046064Z",1914,"2018-03-05T16:58:32.374681Z",user379,"20161117075148.0Z"
0,"2018-03-10T22:39:28.505348Z",810,"2018-01-04T13:03:23.188581Z",user385,"20161117075431.0Z"
0,"2018-03-12T10:00:43.280900Z",888,"2018-02-26T10:17:13.757867Z",user386,"20161117074734.0Z"
0,"2018-03-16T23:24:42.989335Z",789,"2018-03-01T21:31:57.908214Z",user413,"20161117074442.0Z"
0,"2018-03-15T00:10:58.841380Z",692,"2018-02-14T22:52:30.153571Z",user422,"20161117074613.0Z"
0,"2018-03-15T22:24:32.471816Z",2114,"2018-03-04T01:40:51.552883Z",user431,"20161117075257.0Z"
0,"2018-03-15T15:29:58.999564Z",561,"2018-02-26T01:47:05.849088Z",user441,"20161117074651.0Z"
0,"2018-03-12T16:00:36.662038Z",344,"2018-03-05T17:03:52.334024Z",user447,"20161117074632.0Z"
0,"2018-03-07T10:05:12.761662Z",327,"2018-03-07T19:16:05.261894Z",user456,"20161117075148.0Z"
0,"2018-03-13T17:33:51.544761Z",1633,"2018-02-27T19:55:17.443942Z",user467,"20161117075033.0Z"
0,"2018-03-15T17:09:47.318469Z",277,"2018-02-28T17:07:59.483789Z",user487,"20161117074652.0Z"
0,"2018-03-09T19:01:02.543361Z",901,"2018-02-24T00:35:57.729588Z",user494,"20161117074824.0Z"
0,"2018-03-05T16:51:29.513975Z",497,"2017-12-19T16:16:29.504536Z",user512,"20161117075221.0Z"
0,"2018-03-16T19:53:17.147173Z",2405,"2018-01-27T20:16:44.384840Z",user523,"20161117074613.0Z"
0,"2018-03-15T19:50:49.228473Z",439,"2018-03-06T21:04:35.867627Z",user528,"20161117075112.0Z"
0,"2018-03-08T15:56:01.958701Z",2851,"2018-03-05T13:22:05.627436Z",user539,"20161117074632.0Z"
0,"2018-03-12T21:17:46.587051Z",66,"2018-03-12T21:17:46.587051Z",user546,"20161117074751.0Z"
0,"2018-03-12T15:10:19.437311Z",96,"2018-01-09T17:04:50.415999Z",user560,"20161117052802.0Z"
0,"2018-03-14T17:35:25.443168Z",56,"2018-03-06T22:01:10.930722Z",user563,"20161117072327.0Z"
0,"2018-03-07T23:31:31.721094Z",1089,"2018-02-23T20:25:54.633723Z",user574,"20161117074424.0Z"
0,"2018-03-16T18:48:11.633690Z",577,"2018-03-04T06:43:56.669148Z",user581,"20161117074808.0Z"
1,"2018-03-09T01:39:03.177372Z",376,"2017-12-18T18:10:51.681409Z",user594,"20161117075052.0Z"
0,"2018-03-15T22:37:25.011282Z",593,"2018-03-12T16:38:19.670110Z",user622,"20161117074751.0Z"
0,"2018-03-08T08:45:12.591310Z",381,"2018-03-05T17:48:31.955273Z",user638,"20161117073233.0Z"
0,"2018-03-15T17:49:11.219731Z",381,"2018-03-05T19:30:11.133489Z",user653,"20161117074313.0Z"
0,"2018-03-14T12:55:40.163377Z",765,"2018-02-23T13:31:56.996301Z",user665,"20161117074918.0Z"
0,"2018-03-08T18:01:56.189616Z",348,"2018-02-12T01:19:33.451340Z",user669,"20161117075053.0Z"
0,"2018-03-08T05:46:49.618603Z",851,"2018-01-23T17:15:08.698120Z",user676,"20161117074535.0Z"
0,"2018-03-05T12:16:29.971220Z",4974,"2018-01-17T16:41:46.805230Z",user696,"20161117075221.0Z"
0,"2018-03-16T11:11:58.857894Z",393,"2018-03-01T14:17:57.280889Z",user721,"20161117074734.0Z"
0,"2018-03-06T23:25:32.262004Z",1596,"2018-01-08T18:07:14.916050Z",user734,"20161117074501.0Z"
0,"2018-03-08T17:09:32.059834Z",1378,"2018-01-05T17:33:31.221229Z",user744,"20161117074841.0Z"
0,"2018-03-05T15:00:17.871532Z",682,"2018-01-29T20:44:44.854772Z",user755,"20161117074956.0Z"
0,"2018-03-05T04:23:16.464745Z",145,"2018-01-16T10:03:02.098563Z",user769,"20161117075431.0Z"
0,"2018-03-15T20:24:26.873788Z",953,"2018-02-26T17:55:32.677527Z",user776,"20161117074824.0Z"
0,"2018-03-05T23:09:09.007186Z",383,"2018-02-06T18:07:19.284411Z",user783,"20161117074554.0Z"
0,"2018-03-15T20:18:24.360168Z",1898,"2018-02-24T03:31:58.566142Z",user786,"20161117074632.0Z"
0,"2018-03-12T16:32:35.349441Z",250,"2018-02-07T18:08:00.760697Z",user800,"20161117075053.0Z"
0,"2018-03-09T08:17:28.304503Z",653,"2018-01-15T08:59:14.021712Z",user802,"20161117074733.0Z"
0,"2018-03-15T17:12:21.956704Z",697,"2018-01-22T19:35:55.064630Z",user831,"20161117075034.0Z"
0,"2018-03-17T02:46:46.051541Z",758,"2018-01-22T18:39:45.729986Z",user834,"20161117073141.0Z"
0,"2018-03-16T16:21:55.085673Z",724,"2018-02-07T17:06:19.207029Z",user836,"20161117073157.0Z"
0,"2018-03-12T04:54:30.947358Z",236,"2018-03-16T16:06:24.279293Z",user841,"20161117075458.0Z"
0,"2018-03-06T06:57:31.664804Z",319,"2018-02-24T10:45:07.098996Z",user842,"20161117073157.0Z"
0,"2018-03-11T23:36:17.195113Z",1150,"2018-02-14T13:40:31.123380Z",user845,"20161117074535.0Z"
0,"2018-03-15T19:18:42.356033Z",681,"2018-03-12T05:22:34.271947Z",user862,"20161117074313.0Z"
,,,"2015-04-21T23:07:56.578755Z",user891,"20161117000655.0Z"
,,,"2016-09-23T18:12:34.264151Z",user904,"20161117000513.0Z"
,,,"2016-09-27T17:27:32.008233Z",user906,"20161117000513.0Z"
,,,"2016-08-03T15:40:14.394195Z",user914,"20161117000445.0Z"
,,,"2016-06-10T16:37:00.553711Z",user932,"20161117000423.0Z"
,,,"2015-03-26T00:12:54.244440Z",user959,"20161117000221.0Z"
0,"2018-03-16T20:04:03.209184Z",0,"2016-08-16T19:22:13.927839Z",user980,"20160816192213.0Z"
0,"2018-03-15T17:18:55.466961Z",1125,"2018-02-12T17:39:09.702680Z",user1002,"20161117074613.0Z"
,"2017-10-27T17:16:14.349260Z",,"2017-10-27T17:16:14.349260Z",user1007,"20161117053646.0Z"
0,"2018-03-11T01:57:08.302491Z",355,"2018-02-10T00:57:10.815566Z",user1008,"20161117075337.0Z"
0,"2018-03-16T15:34:33.285428Z",778,"2018-02-12T21:32:27.246769Z",user1009,"20161117074407.0Z"
0,"2018-03-06T14:44:30.079859Z",275,"2018-01-03T14:03:33.994195Z",user1035,"20161117075221.0Z"
0,"2018-03-08T20:04:17.585358Z",373,"2018-02-08T04:49:54.517858Z",user1054,"20161117074424.0Z"
1,"2018-03-15T18:29:58.162144Z",50,"2017-12-22T14:55:06.497279Z",user1069,"20161117053523.0Z"
0,"2018-03-15T09:24:23.395495Z",247,"2018-02-23T09:19:27.314011Z",user1078,"20161117074734.0Z"
0,"2018-03-07T08:25:39.656266Z",139,"2018-02-20T08:19:45.173718Z",user1105,"20161117074441.0Z"
0,"2018-03-01T08:47:10.630215Z",202,"2018-02-23T09:19:35.552161Z",user1117,"20161117053602.0Z"
0,"2018-03-13T12:00:25.681816Z",139,"2018-03-12T12:00:18.072687Z",user1119,"20161117005853.0Z"
0,"2018-03-16T00:10:59.140377Z",442,"2018-02-13T17:56:00.516608Z",user1121,"20161117074808.0Z"
0,"2018-03-13T16:39:47.381893Z",2587,"2018-02-25T16:55:50.473394Z",user1170,"20161117074500.0Z"
0,"2018-03-15T13:49:09.859048Z",3320,"2018-03-05T13:26:16.154266Z",user1172,"20161117075204.0Z"
0,"2018-03-15T21:30:15.314447Z",882,"2018-03-05T18:24:05.178773Z",user1186,"20161117073233.0Z"
0,"2018-03-08T00:02:49.137901Z",1227,"2018-01-30T04:48:47.519242Z",user1200,"20161117074518.0Z"
0,"2018-03-08T21:03:17.998557Z",335,"2018-02-06T18:14:53.200752Z",user1202,"20161117075356.0Z"
0,"2018-03-12T18:41:08.757650Z",887,"2018-02-28T20:59:45.700634Z",user1222,"20161117074442.0Z"
0,"2018-03-08T21:50:06.986095Z",20620,"2018-03-03T21:01:21.150174Z",user1240,"20161117074553.0Z"
0,"2018-03-15T18:19:53.628180Z",19724,"2018-02-25T22:37:07.476689Z",user1243,"20161117074553.0Z"
0,"2018-03-15T16:58:37.601472Z",728,"2018-03-12T15:39:56.669885Z",user1281,"20161117075054.0Z"
0,"2018-03-10T01:45:44.557077Z",248,"2018-01-30T16:26:58.473802Z",user1292,"20161117074314.0Z"
0,"2018-03-09T15:45:33.147745Z",1762,"2018-02-16T17:53:53.118743Z",user1314,"20161117074500.0Z"
0,"2018-03-14T19:07:14.551428Z",276,"2018-01-19T23:37:11.028706Z",user1318,"20161117073157.0Z"
0,"2018-03-12T15:41:39.485310Z",216,"2018-02-22T17:03:18.880460Z",user1322,"20161117075337.0Z"
0,"2018-03-16T18:23:55.435370Z",510,"2018-02-11T14:57:10.599484Z",user1323,"20161117074442.0Z"
0,"2018-03-16T10:59:51.154292Z",2581,"2017-12-18T18:49:37.156265Z",user1343,"20161117074535.0Z"
0,"2018-03-12T18:54:08.648636Z",1091,"2018-01-29T16:39:21.855537Z",user1364,"20161117074313.0Z"
0,"2018-03-12T16:59:04.434495Z",862,"2018-02-19T18:57:25.163001Z",user1371,"20161117074500.0Z"
0,"2018-03-12T16:39:55.154286Z",1144,"2018-02-22T20:09:54.390947Z",user1386,"20161117074937.0Z"
0,"2018-03-15T17:27:22.156175Z",1665,"2018-03-02T20:09:52.867870Z",user1402,"20161117075112.0Z"
1,"2018-03-14T20:09:41.937026Z",143,"2018-03-14T17:14:18.035044Z",user1406,"20161117074312.0Z"
0,"2018-03-17T09:20:50.684990Z",397,"2018-01-22T08:16:29.162984Z",user1432,"20161117073123.0Z"
0,"2018-03-15T08:46:19.403926Z",216,"2018-01-28T22:16:12.473891Z",user1447,"20161117075148.0Z"
0,"2018-03-10T16:15:26.505116Z",680,"2017-12-18T00:54:23.179099Z",user1459,"20161117074312.0Z"
0,"2018-03-12T23:08:54.699126Z",69,"2018-01-29T17:05:15.490434Z",user1470,"20161117072921.0Z"
0,"2018-03-13T16:11:27.420931Z",15197,"2018-03-15T13:39:44.164949Z",user1481,"20161117073215.0Z"
0,"2018-03-13T12:35:59.472146Z",6866,"2018-01-16T15:00:41.324444Z",user1483,"20161117074955.0Z"
0,"2018-03-12T12:48:32.280699Z",17925,"2018-03-07T21:47:53.275460Z",user1484,"20161117074734.0Z"
0,"2018-03-13T17:48:36.507074Z",2203,"2018-01-25T02:45:32.245744Z",user1487,"20161117074333.0Z"
0,"2018-03-07T03:25:55.143925Z",473,"2018-01-08T03:58:59.054081Z",user1489,"20161117074900.0Z"
0,"2018-03-11T02:43:42.910782Z",200,"2018-01-05T10:41:49.349727Z",user1508,"20161117074937.0Z"
0,"2018-03-16T16:23:38.646539Z",237,"2018-03-03T01:01:15.368535Z",user1519,"20161117074632.0Z"
0,"2018-03-15T01:10:16.066509Z",158,"2018-03-06T17:00:58.166848Z",user1526,"20161117074424.0Z"
0,"2018-03-15T16:25:59.634962Z",221,"2018-03-05T22:55:39.274893Z",user1529,"20161117075033.0Z"
0,"2018-03-07T03:04:32.501127Z",305,"2018-03-08T10:25:48.574517Z",user1532,"20161117075338.0Z"
0,"2018-03-13T05:40:04.934223Z",144,"2018-02-08T23:15:34.723287Z",user1569,"20161117075257.0Z"
0,"2018-03-15T23:04:22.225417Z",847,"2018-02-14T23:32:00.142350Z",user1596,"20161117074652.0Z"
0,"2018-03-13T13:05:48.812411Z",2581,"2018-01-02T14:18:29.371701Z",user1617,"20161117074956.0Z"
0,"2018-03-12T17:48:54.404893Z",287,"2018-02-23T19:06:29.672084Z",user1622,"20161117075355.0Z"
0,"2018-03-16T22:48:37.657735Z",362,"2018-02-27T00:19:54.808479Z",user1642,"20161117072921.0Z"
0,"2018-03-15T18:37:00.794369Z",314,"2018-03-12T18:17:26.809094Z",user1656,"20161117073141.0Z"
0,"2018-03-16T20:36:32.155995Z",162,"2018-02-20T17:16:19.294066Z",user1657,"20161117074807.0Z"
0,"2018-03-16T19:18:18.079640Z",453,"2018-01-31T18:26:25.982309Z",user1681,"20161117075131.0Z"
0,"2018-03-15T07:00:13.870550Z",282,"2018-01-25T02:36:50.272286Z",user1684,"20161117074841.0Z"
0,"2018-03-12T19:09:28.594778Z",773,"2018-02-01T19:06:24.641858Z",user1703,"20161117074631.0Z"
0,"2018-03-07T17:05:28.538863Z",149,"2018-02-23T17:19:51.941742Z",user1709,"20161117075013.0Z"
0,"2018-03-15T19:23:32.449413Z",1956,"2018-01-22T18:25:22.498852Z",user1716,"20161117074313.0Z"
0,"2018-03-08T23:00:54.209241Z",1143,"2018-02-12T18:28:38.301985Z",user1738,"20161117075053.0Z"
0,"2018-03-10T14:10:43.876298Z",280,"2018-02-19T17:26:58.241839Z",user1750,"20161117074918.0Z"
0,"2018-03-08T18:46:14.789276Z",372,"2018-03-01T18:50:40.335629Z",user1751,"20161117074901.0Z"
0,"2018-03-15T16:07:45.804237Z",446,"2018-01-30T22:20:26.082437Z",user1757,"20161117075033.0Z"
0,"2018-03-05T17:47:12.694639Z",763,"2018-02-25T00:29:16.570887Z",user1763,"20161117075221.0Z"
0,"2018-03-12T19:04:18.239243Z",383,"2018-03-05T17:54:36.588175Z",user1764,"20161117075148.0Z"
0,"2018-03-16T17:14:57.833818Z",394,"2018-01-13T03:22:51.317874Z",user1785,"20161117073157.0Z"
,,,"2016-05-20T13:46:49.312397Z",user1803,"20161117052931.0Z"
0,"2018-03-12T07:38:44.508894Z",306,"2018-03-04T19:22:30.715725Z",user1815,"20161117073215.0Z"
0,"2018-03-15T17:35:00.426034Z",1122,"2018-02-04T05:12:06.199900Z",user1831,"20161117074349.0Z"
0,"2018-03-08T16:09:14.195675Z",239,"2018-02-25T01:39:27.546934Z",user1836,"20161117075239.0Z"
0,"2018-03-09T22:06:02.895654Z",177,"2018-02-28T15:05:00.893312Z",user1842,"20161117075013.0Z"
0,"2018-03-06T17:36:06.094930Z",426,"2017-12-31T04:10:43.165433Z",user1860,"20161117075355.0Z"
0,"2018-03-08T14:37:14.419680Z",469,"2018-01-08T05:42:49.087078Z",user1879,"20161117074841.0Z"
0,"2018-03-12T11:25:10.482638Z",282,"2018-01-02T08:17:39.466233Z",user1885,"20161117074349.0Z"
0,"2018-03-15T20:50:22.757224Z",192,"2018-02-21T19:13:06.013119Z",user1889,"20161117075130.0Z"
0,"2018-03-15T11:13:54.778315Z",483,"2018-02-28T10:30:26.837886Z",user1896,"20161117073215.0Z"
0,"2018-03-15T10:27:35.029991Z",166,"2018-02-16T10:17:14.782449Z",user1902,"20161117074918.0Z"
0,"2018-03-15T14:25:39.654666Z",105,"2018-03-12T13:23:26.772537Z",user1910,"20161117074332.0Z"
0,"2018-03-12T12:16:22.876649Z",151,"2018-01-13T13:06:56.508817Z",user1922,"20161117073215.0Z"
0,"2018-03-05T17:30:08.090197Z",210,"2018-02-09T01:43:44.731519Z",user1940,"20161117075338.0Z"
0,"2018-03-13T01:54:30.416569Z",382,"2018-02-07T12:29:47.252963Z",user1941,"20161117074824.0Z"
0,"2018-03-15T04:09:18.678272Z",347,"2018-03-12T22:30:54.571292Z",user1965,"20161117074900.0Z"
0,"2018-03-13T12:44:43.899728Z",149,"2018-02-02T14:30:33.740387Z",user1974,"20161117074424.0Z"
0,"2018-03-15T23:56:33.337160Z",590,"2018-03-07T19:39:00.838705Z",user1990,"20161117075014.0Z"
0,"2018-03-16T02:25:40.781456Z",1001,"2018-02-12T19:23:33.653675Z",user1997,"20161117074612.0Z"
0,"2018-03-16T19:09:35.703934Z",181,"2018-03-05T12:05:33.735926Z",user2000,"20161117074824.0Z"
0,"2018-03-08T23:59:08.032703Z",572,"2018-02-18T09:19:28.844149Z",user2005,"20170201021000.0Z"
0,"2018-03-15T17:28:26.520180Z",1094,"2017-12-18T17:06:04.413179Z",user2013,"20170125192947.0Z"
0,"2018-03-15T12:18:20.678176Z",255,"2018-03-11T22:14:35.656989Z",user2041,"20170117200257.0Z"
0,"2018-03-11T20:40:13.620209Z",442,"2018-01-08T10:34:03.673780Z",user2051,"20170106231424.0Z"
1,"2018-03-13T17:23:49.155251Z",1357,"2018-03-15T17:22:09.230210Z",user2058,"20170107040400.0Z"
0,"2018-03-14T23:25:24.802330Z",3831,"2016-06-07T18:07:06.414453Z",user2086,"20161117000749.0Z"
0,"2018-03-07T17:03:38.992292Z",938,"2018-03-02T12:56:01.840203Z",user2088,"20161220190645.0Z"
0,"2018-03-12T12:17:03.487310Z",436,"2018-03-15T22:32:15.206218Z",user2103,"20161220020333.0Z"
0,"2018-03-12T18:12:21.609460Z",560,"2018-03-12T04:51:31.467165Z",user2134,"20161214153704.0Z"
,"2018-03-09T01:02:21.003043Z",,"2014-02-05T18:08:10.828859Z",user2145,"20161117000715.0Z"
0,"2018-03-05T20:29:06.526320Z",354,"2018-02-15T13:43:22.476967Z",user2157,"20161206170637.0Z"
0,"2018-03-16T01:22:52.371978Z",289,"2018-02-28T21:53:35.317002Z",user2159,"20161203030611.0Z"
0,"2018-03-15T17:16:17.587853Z",307,"2018-02-12T17:11:05.984385Z",user2169,"20161124000655.0Z"
,"2016-11-30T23:30:55.938961Z",,"2013-05-09T20:24:27.068380Z",user2177,"20161117000749.0Z"
,,,"2016-07-25T17:13:42.662893Z",user2214,"20161117072800.0Z"
,,,"2014-11-04T22:09:36.722194Z",user2215,"20161117072825.0Z"
,,,"2015-12-11T17:51:44.148068Z",user2222,"20161117072353.0Z"
0,"2018-03-11T14:24:31.864116Z",3001,"2018-02-22T11:11:26.605266Z",user2235,"20161117075257.0Z"
0,"2018-03-16T19:11:57.864374Z",50,"2018-03-10T00:25:38.155441Z",user2251,"20161117074612.0Z"
0,"2018-03-06T15:27:13.320045Z",185,"2018-01-08T01:58:16.231078Z",user2257,"20161117074717.0Z"
0,"2018-03-16T21:53:00.116368Z",71,"2018-01-11T18:39:38.995910Z",user2259,"20161117073123.0Z"
0,"2018-03-08T18:24:56.622996Z",872,"2018-03-06T17:55:21.528862Z",user2268,"20161115225232.0Z"
0,"2018-03-08T20:31:45.595333Z",1617,"2018-01-12T18:10:23.915247Z",user2271,"20161115225231.0Z"
0,"2018-03-12T20:00:37.662176Z",1020,"2018-03-12T18:19:31.831953Z",user2272,"20161115225215.0Z"
0,"2018-03-15T05:02:15.056071Z",450,"2018-01-30T06:15:23.155618Z",user2275,"20161115225214.0Z"
0,"2018-01-22T14:06:30.876677Z",420,"2018-01-15T20:19:35.639357Z",user2280,"20161115220950.0Z"
0,"2018-03-06T18:55:28.111679Z",227,"2018-02-13T16:56:47.386701Z",user2285,"20161117074518.0Z"
,"2017-02-10T15:12:00.579544Z",,"2016-09-19T10:48:13.885143Z",user2287,"20161117075337.0Z"
,"2018-03-13T23:19:57.243965Z",,"2013-06-14T01:02:39.789676Z",user2290,"20161117000800.0Z"
0,"2018-03-16T13:03:09.668492Z",592,"2018-01-30T17:46:45.994712Z",user2297,"20161117073105.0Z"
0,"2018-03-08T11:15:06.859454Z",32,"2018-03-17T00:32:18.478008Z",user2322,"20161117053802.0Z"
,,,"2016-10-25T19:31:34.543042Z",user2323,"20161117053130.0Z"
0,"2018-03-12T15:32:52.706174Z",100,"2017-12-19T16:20:46.829082Z",user2330,"20161117053627.0Z"
,,,"2016-11-15T16:39:10.133298Z",user2333,"20161117053718.0Z"
0,"2018-03-13T00:06:39.084125Z",39,"2017-12-28T02:00:51.841121Z",user2338,"20161117053531.0Z"
0,"2018-03-12T05:59:55.051483Z",131,"2018-02-27T03:45:04.069791Z",user2354,"20161117053515.0Z"
0,"2018-03-09T19:14:04.226276Z",99,"2018-01-25T22:20:52.505728Z",user2374,"20161117053458.0Z"
1,"2018-03-15T02:50:03.914941Z",12,"2018-03-08T01:21:54.761722Z",user2380,"20161117053436.0Z"
0,"2018-03-13T20:14:33.469477Z",11,"2017-12-18T14:25:15.426695Z",user2395,"20161117053515.0Z"
0,"2018-03-12T13:04:34.944288Z",129,"2017-12-19T21:38:24.440138Z",user2404,"20161117053539.0Z"
0,"2018-03-16T21:55:48.120625Z",18,"2018-03-16T21:55:48.120625Z",user2410,"20161117053709.0Z"
0,"2018-03-16T16:26:21.700406Z",39,"2018-01-28T15:05:00.846543Z",user2419,"20161117053659.0Z"
0,"2018-03-17T05:43:02.644550Z",1403,"2018-01-26T19:32:21.431269Z",user2422,"20161117074612.0Z"
0,"2018-03-17T05:04:22.428696Z",453,"2018-02-12T18:44:29.239732Z",user2430,"20161117075414.0Z"
0,"2018-03-15T08:32:08.689898Z",377,"2018-02-07T09:26:01.111071Z",user2431,"20161117074535.0Z"
,,,"2016-11-15T18:45:13.105198Z",user2437,"20161117053718.0Z"
0,"2018-03-11T19:58:07.367012Z",2235,"2018-02-28T23:37:56.911877Z",user2444,"20161117074535.0Z"
0,"2018-03-11T11:20:56.607442Z",183,"2018-02-21T17:24:32.901237Z",user2446,"20161117074842.0Z"
,,,"2016-03-01T15:04:13.802499Z",user2451,"20161117053141.0Z"
0,"2018-03-15T09:18:02.165310Z",350,"2018-01-13T15:44:31.630194Z",user2452,"20161117074937.0Z"
0,"2018-03-15T08:12:57.864727Z",724,"2018-03-14T16:33:26.899436Z",user2465,"20161117075014.0Z"
0,"2018-03-16T19:58:07.442852Z",1291,"2018-03-11T18:28:39.384012Z",user2486,"20161117074553.0Z"
0,"2018-03-06T19:04:20.768429Z",103,"2018-02-28T17:15:14.950465Z",user2538,"20161117053515.0Z"
0,"2018-03-08T02:45:12.678122Z",286,"2018-03-08T02:45:12.561315Z",user2542,"20161117074901.0Z"
0,"2018-03-06T18:23:32.455026Z",981,"2018-03-14T17:04:40.417753Z",user2565,"20161117074955.0Z"
0,"2018-03-15T21:43:35.948552Z",3345,"2018-02-20T19:44:07.587689Z",user2572,"20161117075131.0Z"
0,"2018-02-26T17:48:30.704244Z",26,"2018-01-10T22:46:11.449212Z",user2582,"20161117053441.0Z"
0,"2018-03-16T13:16:27.220000Z",6150,"2018-03-05T14:39:56.274880Z",user2584,"20161117075013.0Z"
0,"2018-03-13T17:02:48.286431Z",973,"2018-02-20T16:28:36.634764Z",user2602,"20161117075257.0Z"
1,"2018-03-15T16:21:17.861266Z",1595,"2018-02-22T18:50:06.186773Z",user2603,"20161117074500.0Z"
0,"2018-03-14T00:12:06.070168Z",192,"2018-01-18T20:26:36.168787Z",user2604,"20161117074553.0Z"
0,"2018-03-15T21:28:55.331444Z",1030,"2018-01-16T18:23:52.365693Z",user2622,"20161117074842.0Z"
0,"2018-03-12T09:34:45.258630Z",414,"2018-03-06T16:36:37.457383Z",user2625,"20161117075239.0Z"
0,"2018-03-13T13:20:27.161209Z",76,"2018-01-22T09:56:18.860959Z",user2629,"20161117053554.0Z"
0,"2018-03-01T13:04:48.878352Z",13,"2018-03-01T13:04:47.994585Z",user2637,"20161117053129.0Z"
0,"2018-03-16T21:15:54.354493Z",24,"2017-12-26T16:20:04.571067Z",user2664,"20161117053341.0Z"
0,"2018-03-12T15:45:22.064072Z",1210,"2018-01-22T16:47:29.511200Z",user2676,"20161117053341.0Z"
0,"2018-03-15T21:42:50.407678Z",202,"2018-02-21T16:23:54.445063Z",user2677,"20161117053746.0Z"
0,"2018-03-12T20:58:59.843628Z",297,"2018-03-14T21:47:29.752928Z",user2684,"20161117074751.0Z"
0,"2018-03-06T16:17:47.045095Z",157,"2018-02-08T19:10:36.477611Z",user2696,"20161117053746.0Z"
,"2017-08-05T07:02:02.977365Z",,"2014-01-21T19:15:11.406999Z",user2701,"20161117000659.0Z"
0,"2018-03-07T13:48:18.134043Z",311,"2018-03-01T19:52:43.311131Z",user2734,"20161117075431.0Z"
0,"2018-03-15T21:10:50.871459Z",246,"2018-03-16T04:49:33.966003Z",user2752,"20161117053627.0Z"
0,"2018-03-15T18:22:16.359747Z",402,"2018-02-26T18:27:13.241251Z",user2755,"20161117053335.0Z"
1,"2018-03-08T05:18:54.917132Z",379,"2018-01-29T09:14:04.552362Z",user2787,"20161117005744.0Z"
0,"2018-03-15T17:58:36.140873Z",2465,"2018-02-22T17:01:50.710044Z",user2793,"20161117074256.0Z"
0,"2017-11-16T15:52:56.342029Z",2,"2017-10-19T16:01:32.465103Z",user2798,"20161117053305.0Z"
0,"2018-03-12T15:37:36.551101Z",157,"2018-03-06T17:07:00.208260Z",user2811,"20161117074612.0Z"
0,"2018-03-07T18:25:41.857309Z",176,"2018-02-09T21:59:46.676616Z",user2812,"20161117053252.0Z"
0,"2018-02-22T15:39:51.700691Z",16,"2018-02-22T15:39:51.700691Z",user2821,"20161117053245.0Z"
0,"2018-03-06T23:38:56.403749Z",113,"2018-03-09T17:02:20.595072Z",user2822,"20161117053738.0Z"
0,"2018-03-13T06:55:58.915670Z",194,"2018-03-05T13:56:02.363916Z",user2836,"20161117074407.0Z"
0,"2018-03-16T05:51:19.126986Z",910,"2018-02-06T20:09:42.483400Z",user2838,"20161117074632.0Z"
0,"2018-03-15T14:17:24.054068Z",179,"2018-02-23T17:35:25.278185Z",user2839,"20161117075149.0Z"
1,"2018-03-09T06:42:43.776709Z",192,"2018-01-03T04:34:57.539518Z",user2840,"20161117053441.0Z"
0,"2018-03-05T16:43:54.603600Z",375,"2018-01-02T18:01:50.396450Z",user2841,"20161117074937.0Z"
0,"2018-03-15T16:41:52.644389Z",242,"2018-01-23T16:25:53.534100Z",user2845,"20161117053449.0Z"
0,"2018-03-14T18:06:12.311638Z",1695,"2018-03-05T22:16:45.714431Z",user2846,"20161117075112.0Z"
0,"2018-03-12T08:26:47.198166Z",367,"2018-03-12T08:27:46.978028Z",user2858,"20161117074937.0Z"
0,"2018-01-04T04:16:01.765566Z",29,"2018-01-04T04:16:01.765566Z",user2882,"20161117053508.0Z"
0,"2018-03-15T18:50:52.260595Z",305,"2018-03-05T17:20:42.736318Z",user2885,"20161117074500.0Z"
0,"2018-03-12T14:09:39.552397Z",100,"2018-02-20T17:11:49.861106Z",user2894,"20161117074314.0Z"
0,"2018-03-12T16:52:35.264243Z",154,"2018-03-05T21:22:20.406129Z",user2929,"20161117075112.0Z"
0,"2018-02-07T13:51:12.888460Z",24,"2018-02-07T13:51:11.850969Z",user2947,"20161117053738.0Z"
0,"2018-03-09T18:05:47.701239Z",354,"2018-02-28T13:59:28.601537Z",user2954,"20161117073157.0Z"
0,"2018-03-09T23:49:10.619850Z",603,"2018-03-01T07:17:41.244700Z",user2955,"20161117073034.0Z"
0,"2018-03-09T06:50:24.426930Z",281,"2018-02-13T18:04:40.027657Z",user2958,"20161117074937.0Z"
0,"2018-03-09T15:38:13.557494Z",1453,"2018-02-13T14:05:51.469910Z",user2969,"20161117053607.0Z"
0,"2018-03-15T18:24:39.490895Z",409,"2018-03-15T18:25:28.488806Z",user2974,"20161117053531.0Z"
0,"2018-03-08T19:17:18.956059Z",191,"2018-03-01T01:03:52.710364Z",user2984,"20161117005823.0Z"
0,"2018-03-13T19:03:43.993616Z",661,"2018-01-09T00:12:41.755180Z",user2986,"20161117053546.0Z"
0,"2018-03-05T08:25:22.735118Z",707,"2018-03-05T08:25:51.557989Z",user2993,"20161117074734.0Z"
0,"2018-03-15T10:11:58.807084Z",509,"2018-02-25T21:35:57.652332Z",user2995,"20161117073215.0Z"
0,"2018-03-11T00:49:16.463669Z",151,"2018-01-04T13:45:52.203673Z",user3022,"20171006165420.0Z"
0,"2018-03-08T16:36:11.133710Z",130,"2018-01-02T17:20:23.401186Z",user3035,"20171006005252.0Z"
0,"2018-03-05T09:29:40.771618Z",32,"2018-03-12T09:46:10.033163Z",user3045,"20171003200315.0Z"
0,"2018-03-16T13:50:38.446160Z",135,"2018-01-02T18:22:39.459797Z",user3051,"20171003164801.0Z"
0,"2018-03-16T21:49:43.376771Z",82,"2018-01-08T19:29:16.824202Z",user3065,"20170929020347.0Z"
0,"2018-03-09T03:13:54.165149Z",107,"2018-01-09T02:08:31.168252Z",user3066,"20170929010350.0Z"
0,"2018-03-14T05:17:54.308270Z",59,"2018-03-01T04:50:47.092420Z",user3074,"20170928164109.0Z"
0,"2018-03-12T00:01:06.752709Z",89,"2018-01-04T23:39:43.302128Z",user3087,"20170927010345.0Z"
0,"2018-03-11T19:02:43.709666Z",878,"2018-03-08T16:03:48.489714Z",user3102,"20170926054723.0Z"
0,"2018-03-16T14:33:15.285364Z",34,"2018-03-16T15:20:30.619033Z",user3128,"20170919225602.0Z"
0,"2018-03-15T18:00:33.606745Z",75,"2018-02-26T17:46:36.719537Z",user3134,"20170915202850.0Z"
0,"2018-03-14T00:04:33.198590Z",61,"2018-01-08T19:41:23.644061Z",user3145,"20170913230304.0Z"
0,"2018-03-12T16:59:53.618591Z",5660,"2018-03-13T13:35:53.326353Z",user3160,"20170911175223.0Z"
,"2017-09-11T18:27:36.300906Z",1,"2017-09-11T17:52:16.688564Z",user3162,"20170911175216.0Z"
0,"2018-02-23T17:56:09.944596Z",16,"2018-02-27T00:45:58.355033Z",user3197,"20170830085855.0Z"
0,"2018-03-08T18:21:56.058146Z",89,"2018-01-02T16:14:13.817960Z",user3201,"20170829230311.0Z"
0,"2018-03-16T10:39:31.905037Z",179,"2018-02-15T14:08:20.510751Z",user3209,"20170825210317.0Z"
1,"2018-03-05T10:35:30.264880Z",135,"2018-02-24T08:09:19.071962Z",user3226,"20170821200401.0Z"
0,"2018-03-12T17:28:41.399291Z",199,"2018-03-05T17:17:59.139593Z",user3229,"20170821195757.0Z"
0,"2018-03-08T17:40:11.523736Z",386,"2018-02-09T20:29:25.770587Z",user3233,"20170821135340.0Z"
0,"2018-03-15T20:02:01.959176Z",489,"2018-02-06T16:59:23.262597Z",user3252,"20170815190327.0Z"
,"2018-03-08T20:02:33.170402Z",373,"2018-02-09T18:46:12.611786Z",user3266,"20170812000315.0Z"
0,"2018-03-14T23:09:58.273864Z",112,"2018-01-31T23:20:35.502025Z",user3276,"20170811190321.0Z"
0,"2018-03-12T15:54:52.182598Z",68,"2018-02-05T18:10:59.191782Z",user3283,"20170810151748.0Z"
0,"2018-03-06T15:24:07.390500Z",125,"2018-02-09T15:41:15.011101Z",user3291,"20170809154012.0Z"
0,"2018-03-07T13:45:22.229226Z",221,"2018-01-29T18:54:30.617124Z",user3319,"20170803200336.0Z"
0,"2018-03-08T03:52:17.351704Z",119,"2018-01-05T09:07:59.359121Z",user3321,"20170803190523.0Z"
1,"2018-03-16T19:40:44.106295Z",106,"2018-02-11T17:52:48.045250Z",user3322,"20170803190523.0Z"
0,"2018-03-05T17:06:31.471615Z",176,"2017-12-28T20:43:56.210392Z",user3326,"20170803170012.0Z"
0,"2018-03-14T08:15:02.314695Z",773,"2018-01-08T07:17:56.122447Z",user3338,"20170727180343.0Z"
0,"2018-03-12T13:51:20.169417Z",101,"2018-01-23T14:02:05.410394Z",user3343,"20170727153216.0Z"
0,"2018-03-15T15:32:30.500150Z",139,"2018-03-03T00:02:57.125715Z",user3344,"20170727153207.0Z"
0,"2018-03-13T18:47:30.798859Z",697,"2018-01-23T17:06:15.075423Z",user3386,"20170719190330.0Z"
0,"2018-03-05T06:40:29.829421Z",97,"2018-01-05T13:52:34.702141Z",user3407,"20170718161426.0Z"
0,"2018-03-07T15:15:56.990499Z",11,"2018-01-11T23:21:31.511232Z",user3411,"20170717153438.0Z"
0,"2018-02-13T14:51:57.191212Z",44,"2017-12-18T13:34:25.724498Z",user3418,"20170713183223.0Z"
,"2017-07-11T18:10:57.777447Z",,"2017-07-11T17:58:52.376727Z",user3444,"20170711175852.0Z"
0,"2018-03-05T02:27:13.152226Z",8,"2018-03-05T02:27:12.349321Z",user3447,"20170710173856.0Z"
0,"2018-03-15T02:34:49.937377Z",220,"2018-03-06T06:16:10.970784Z",user3461,"20170628191810.0Z"
0,"2018-03-15T14:37:09.244556Z",6013,"2017-12-22T18:24:22.805318Z",user3462,"20170628190344.0Z"
0,"2018-03-07T18:41:53.697131Z",97,"2017-12-25T14:53:58.593522Z",user3464,"20170628153640.0Z"
0,"2018-03-13T02:56:09.799650Z",393,"2018-03-13T23:24:34.052596Z",user3475,"20170626230342.0Z"
0,"2018-03-15T02:33:39.062710Z",188,"2018-02-07T06:30:00.805264Z",user3490,"20170621000412.0Z"
0,"2018-03-09T14:52:26.174250Z",52,"2018-03-05T01:54:05.139187Z",user3498,"20170620202749.0Z"
0,"2018-03-06T01:20:26.800156Z",144,"2018-03-08T02:07:07.510255Z",user3506,"20170616082401.0Z"
0,"2017-10-20T20:01:59.157699Z",1,"2017-09-15T22:14:45.575751Z",user3520,"20170612175118.0Z"
0,"2018-02-22T20:13:28.108322Z",30,"2018-01-30T20:13:23.335525Z",user3524,"20170611091048.0Z"
,,,"2017-06-11T09:09:23.090517Z",user3525,"20170611090922.0Z"
1,"2018-03-14T15:46:31.359258Z",547,"2018-02-05T17:21:01.310466Z",user3552,"20170605170350.0Z"
0,"2018-03-08T16:56:22.251019Z",526,"2018-03-05T16:17:52.098402Z",user3570,"20170531220308.0Z"
0,"2018-03-09T18:34:04.725415Z",65,"2018-01-17T17:06:36.665274Z",user3575,"20170531184945.0Z"
0,"2018-03-12T15:19:48.808568Z",9000,"2018-02-20T17:07:21.214135Z",user3582,"20170526000255.0Z"
0,"2018-03-15T01:52:42.495280Z",158,"2018-02-19T22:41:33.989650Z",user3588,"20170525020241.0Z"
0,"2018-03-06T16:45:47.797981Z",2075,"2018-02-19T20:32:46.162524Z",user3590,"20170524220247.0Z"
0,"2018-03-11T05:57:04.973948Z",1066,"2018-03-11T05:58:32.132606Z",user3598,"20170524180254.0Z"
0,"2018-03-08T19:00:05.706314Z",834,"2018-03-08T20:40:54.977826Z",user3609,"20170523184833.0Z"
0,"2018-03-16T14:14:59.318263Z",80,"2018-02-08T13:56:40.146627Z",user3617,"20170519000335.0Z"
0,"2018-03-12T00:33:01.191789Z",274,"2018-01-26T00:45:07.081696Z",user3618,"20170518180427.0Z"
2,"2018-03-15T04:21:42.863371Z",160,"2018-03-12T02:15:47.931661Z",user3621,"20170518170349.0Z"
1,"2017-05-25T16:38:21.347154Z",1,"2017-05-25T16:36:45.998108Z",user3623,"20170516200334.0Z"
0,"2018-03-13T10:52:12.184312Z",471,"2018-01-29T15:08:36.387699Z",user3627,"20170516180344.0Z"
0,"2018-02-22T18:54:09.953249Z",194,"2018-01-25T20:43:52.735656Z",user3629,"20170516061900.0Z"
0,"2018-03-14T17:28:00.922319Z",421,"2018-02-13T03:08:45.311852Z",user3637,"20170513020315.0Z"
0,"2018-03-15T22:27:52.041764Z",263,"2018-02-12T17:08:46.254226Z",user3658,"20170510210312.0Z"
,"2017-08-14T15:00:50.246192Z",23,"2017-05-27T00:32:37.975973Z",user3696,"20170501175338.0Z"
0,"2018-03-12T01:04:37.279227Z",221,"2018-01-15T02:22:59.613094Z",user3700,"20170427070337.0Z"
0,"2018-03-14T02:55:30.410310Z",911,"2017-12-29T12:53:34.789008Z",user3723,"20170419230354.0Z"
0,"2018-03-14T21:54:13.501268Z",7559,"2018-03-07T20:50:16.030729Z",user3725,"20170419210315.0Z"
0,"2018-03-13T16:25:09.295344Z",96,"2018-01-10T17:07:03.351581Z",user3753,"20170413175257.0Z"
0,"2018-03-12T23:28:10.595731Z",486,"2018-02-21T17:53:26.965214Z",user3761,"20170412163359.0Z"
0,"2018-03-14T07:44:24.871204Z",55,"2018-03-02T12:59:06.243416Z",user3785,"20170407161640.0Z"
,,,"2017-04-07T04:47:55.283513Z",user3789,"20170407044755.0Z"
0,"2018-03-08T04:58:26.631718Z",317,"2017-12-26T13:25:20.503317Z",user3816,"20170405023326.0Z"
0,"2018-02-16T22:58:23.712330Z",24,"2018-02-09T16:55:35.237637Z",user3820,"20170404201342.0Z"
0,"2018-03-14T17:57:30.240633Z",391,"2018-02-20T14:05:13.518687Z",user3824,"20170403200315.0Z"
0,"2018-03-13T14:04:04.235309Z",327,"2018-03-07T18:51:12.394381Z",user3833,"20170331190311.0Z"
0,"2018-03-12T06:16:28.227347Z",475,"2018-01-30T10:22:36.629374Z",user3836,"20170331164214.0Z"
0,"2018-03-16T07:51:56.150419Z",115,"2018-01-02T10:15:42.737520Z",user3856,"20170328050307.0Z"
0,"2018-03-16T19:34:18.778899Z",332,"2018-01-03T01:34:06.843173Z",user3860,"20170327184848.0Z"
0,"2018-03-05T01:02:40.554626Z",51,"2018-03-08T03:34:49.582609Z",user3865,"20170325091907.0Z"
0,"2018-03-12T12:49:30.480569Z",1149,"2017-12-25T23:00:30.264411Z",user3878,"20170321190319.0Z"
0,"2018-03-08T19:52:05.218683Z",8,"2017-12-11T14:19:51.743678Z",user3880,"20170321153642.0Z"
0,"2018-03-15T16:31:48.678400Z",7627,"2017-12-21T14:11:00.829945Z",user3890,"20170314210324.0Z"
0,"2018-03-12T07:46:48.641079Z",572,"2018-03-12T07:47:23.492317Z",user3903,"20170307030307.0Z"
0,"2018-03-06T22:32:23.046279Z",9,"2018-02-02T21:10:49.782445Z",user3906,"20170303224154.0Z"
0,"2018-03-16T01:48:40.904709Z",544,"2018-02-08T13:27:28.524941Z",user3918,"20170301201007.0Z"
0,"2018-03-13T16:31:18.484105Z",,"2017-03-01T19:10:40.355131Z",user3919,"20170301191040.0Z"
0,"2018-03-16T11:59:04.053919Z",911,"2018-02-26T14:01:55.893462Z",user3937,"20170218040216.0Z"
0,"2018-03-13T12:06:23.101723Z",222,"2018-03-05T18:16:32.790350Z",user3957,"20170213192216.0Z"
0,"2018-03-08T20:49:59.248843Z",382,"2018-02-05T13:23:27.492039Z",user3960,"20170213192216.0Z"
,"2018-03-06T17:58:02.143476Z",,"2017-02-09T23:06:02.709531Z",user3968,"20170209230602.0Z"
0,"2018-03-09T20:39:48.796000Z",337,"2018-03-09T20:40:14.027099Z",user3969,"20170209180653.0Z"
,,,"2017-02-07T18:52:17.760878Z",user3982,"20170207185217.0Z"
,,,"2018-03-15T04:43:50.000247Z",user4013,"20180315044349.0Z"
,,,"2018-03-14T23:36:11.754373Z",user4014,"20180314233611.0Z"
,"2018-03-15T21:09:45.843427Z",1,"2018-03-15T19:59:23.571836Z",user4024,"20180313190410.0Z"
0,"2018-03-07T23:09:11.293241Z",138,"2018-03-14T13:56:15.949657Z",user4055,"20180307222522.0Z"
0,"2018-03-07T23:07:46.562202Z",3,"2018-03-07T22:17:39.490989Z",user4056,"20180307221739.0Z"
,,,"2018-03-07T00:36:48.411419Z",user4065,"20180307003648.0Z"
2,"2018-03-08T00:10:17.070667Z",2,"2018-03-08T00:09:53.919669Z",user4081,"20180306230403.0Z"
0,"2018-03-07T23:08:32.349613Z",8,"2018-03-12T20:29:18.680700Z",user4088,"20180305030357.0Z"
0,"2018-03-07T23:09:13.715051Z",8,"2018-03-15T15:42:34.322337Z",user4089,"20180305020357.0Z"
0,"2018-03-12T04:45:56.550311Z",20,"2018-03-05T06:18:11.611705Z",user4100,"20180302013452.0Z"
,"2018-03-12T17:06:15.603198Z",2,"2018-03-05T19:39:22.471499Z",user4102,"20180302013441.0Z"
0,"2018-03-12T20:19:55.675411Z",7,"2018-03-12T20:20:21.398903Z",user4133,"20180227030407.0Z"
,"2018-03-09T12:40:18.926748Z",9,"2018-02-26T23:33:53.967715Z",user4135,"20180226233353.0Z"
0,,0,"(never)",user4146,"20180224000400.0Z"
0,"2018-03-12T16:47:13.006293Z",18,"2018-03-05T21:26:39.377377Z",user4153,"20180222090352.0Z"
,,,"(never)",user4169,"20180221200406.0Z"
0,"2018-03-16T11:37:27.014341Z",13,"2018-02-22T08:56:16.555075Z",user4174,"20180221195639.0Z"
0,"2018-03-15T17:08:16.065207Z",33,"2018-03-05T15:24:02.064034Z",user4177,"20180221030357.0Z"
0,"2018-03-12T18:22:02.391328Z",22,"2018-02-22T17:21:01.401314Z",user4186,"20180219085909.0Z"
0,"2018-03-15T16:18:51.999981Z",84,"2018-02-23T14:37:00.478694Z",user4200,"20180216210404.0Z"
0,"2018-03-13T13:08:57.615645Z",19,"2018-02-16T20:11:08.332732Z",user4202,"20180215220410.0Z"
0,"2018-03-15T18:29:04.207460Z",214,"2018-02-26T16:31:35.159604Z",user4230,"20180213060350.0Z"
0,"2018-03-16T15:10:57.032350Z",17,"2018-02-26T21:16:34.289951Z",user4235,"20180213000403.0Z"
,"2018-02-19T22:31:48.391177Z",5,"2018-02-09T21:47:16.557387Z",user4250,"20180209214716.0Z"
0,"2018-03-12T16:35:45.601936Z",33,"2018-02-12T20:16:09.643746Z",user4251,"20180209214653.0Z"
0,"2018-03-14T18:45:49.166468Z",186,"2018-02-20T16:12:24.973977Z",user4255,"20180209090347.0Z"
,"2018-03-13T15:21:25.252746Z",16,"2018-02-20T21:31:27.881780Z",user4263,"20180209080431.0Z"
0,"2018-03-12T07:36:53.188955Z",32,"2018-03-09T05:59:18.146108Z",user4272,"20180208031908.0Z"
,"2018-03-10T04:42:06.719808Z",11,"2018-02-12T07:08:52.163344Z",user4273,"20180208031829.0Z"
,"2018-02-19T23:13:44.440359Z",15,"2018-02-07T06:06:07.905890Z",user4281,"20180207060607.0Z"
0,"2018-03-15T17:49:46.709552Z",68,"2018-02-09T23:26:30.247507Z",user4282,"20180207060453.0Z"
0,"2018-03-05T14:24:23.180205Z",0,"2018-02-02T20:56:30.223865Z",user4296,"20180202205630.0Z"
0,"2018-03-17T12:51:20.035947Z",26,"2018-02-12T21:58:19.120966Z",user4300,"20180202180651.0Z"
0,"2018-02-05T22:39:23.117254Z",4,"2018-02-05T22:39:21.842140Z",user4319,"20180202005507.0Z"
0,"2018-03-15T20:01:30.552617Z",17,"2018-03-08T22:46:09.235754Z",user4335,"20180131070337.0Z"
0,"2018-03-15T02:49:23.130818Z",27,"2018-02-12T08:10:28.772719Z",user4342,"20180131060337.0Z"
0,"2018-03-09T11:14:45.633495Z",32,"2018-02-12T15:14:00.093028Z",user4348,"20180131050516.0Z"
0,"2018-03-15T01:40:12.474715Z",34,"2018-02-12T06:49:16.078157Z",user4349,"20180131050520.0Z"
0,"2018-03-14T10:06:12.440273Z",48,"2018-02-12T06:26:17.828349Z",user4350,"20180131050520.0Z"
0,"2018-03-09T04:06:33.339732Z",40,"2018-02-15T09:38:36.691076Z",user4353,"20180130050336.0Z"
0,"2018-03-12T16:10:31.812251Z",29,"2018-02-05T21:10:13.340382Z",user4373,"20180125010336.0Z"
1,"2018-03-08T15:47:36.572157Z",35,"2018-01-29T18:09:22.821950Z",user4375,"20180124235755.0Z"
0,"2018-03-08T18:58:23.686103Z",45,"2018-02-05T22:36:10.591974Z",user4388,"20180124190339.0Z"
,"2018-02-19T10:18:29.894517Z",22,"2018-01-25T08:26:24.054848Z",user4405,"20180123003046.0Z"
0,"2018-03-14T17:08:12.785587Z",19,"2018-01-24T08:39:27.463508Z",user4408,"20180123001056.0Z"
0,"2018-03-08T21:38:37.918445Z",37,"2018-01-30T20:06:18.605017Z",user4409,"20180123000800.0Z"
0,"2018-03-15T01:58:49.291271Z",19,"2018-02-05T02:23:15.930163Z",user4414,"20180122040330.0Z"
0,"2018-03-15T00:35:18.155290Z",111,"2018-02-05T14:38:27.738930Z",user4420,"20180120000405.0Z"
,"2018-03-12T14:09:41.833654Z",18,"2018-01-18T21:04:55.790112Z",user4434,"20180118210455.0Z"
0,"2018-03-11T22:36:09.553727Z",52,"2018-01-18T21:05:35.479213Z",user4450,"20180117211457.0Z"
0,"2018-03-12T15:07:46.430187Z",22,"2018-01-19T20:24:58.590721Z",user4458,"20180117180636.0Z"
0,"2018-03-10T02:00:01.757947Z",12,"2018-01-18T23:24:39.485360Z",user4467,"20180112071245.0Z"
,"2018-03-05T15:12:33.817016Z",211,"2018-01-22T22:13:07.451544Z",user4470,"20180112030446.0Z"
0,"2018-03-16T15:14:54.271680Z",59,"2018-01-24T12:42:56.122863Z",user4483,"20180110222719.0Z"
0,"2018-03-15T23:03:18.569866Z",27,"2018-01-10T20:23:44.840850Z",user4493,"20180109220359.0Z"
0,"2018-03-15T10:43:22.194874Z",50,"2018-01-22T13:26:12.111830Z",user4496,"20180109210354.0Z"
,,,"2018-01-09T18:39:39.789843Z",user4499,"20180109183939.0Z"
0,"2018-02-18T06:10:42.117911Z",61,"2018-01-10T12:05:37.166407Z",user4532,"20180105190304.0Z"
,"2018-01-17T19:22:45.241276Z",,"2018-01-05T18:50:01.428229Z",user4533,"20180105185001.0Z"
0,"2018-03-10T07:41:04.931350Z",78,"2018-01-09T06:44:11.978390Z",user4535,"20180105180438.0Z"
,"2018-03-06T16:32:18.095910Z",37,"2018-01-16T19:22:36.696798Z",user4554,"20180104000354.0Z"
0,"2018-03-12T15:42:45.154440Z",34,"2018-01-22T05:18:50.873446Z",user4555,"20180104000354.0Z"
0,"2018-03-12T21:35:40.700718Z",62,"2018-01-29T22:15:31.945250Z",user4587,"20171221020327.0Z"
0,"2018-03-12T00:58:00.428758Z",5102,"2018-01-08T15:32:35.987321Z",user4591,"20171220200330.0Z"
0,"2018-03-08T22:57:52.713559Z",43,"2018-01-08T22:00:48.904602Z",user4598,"20171220030323.0Z"
0,"2018-03-12T16:58:13.795944Z",33,"2018-01-08T22:01:23.983920Z",user4602,"20171220020325.0Z"
0,"2018-02-28T00:54:26.495581Z",30,"2018-01-08T22:00:35.654174Z",user4614,"20171219180337.0Z"
0,"2018-03-08T23:53:01.863057Z",83,"2018-01-02T20:00:12.330218Z",user4627,"20171216020341.0Z"
0,"2018-03-08T08:52:39.342624Z",51,"2018-01-22T09:17:31.004513Z",user4638,"20171215020344.0Z"
0,"2018-03-15T09:37:49.272434Z",90,"2018-01-02T11:08:59.600563Z",user4645,"20171214020339.0Z"
0,"2018-03-06T18:17:19.645393Z",52,"2018-03-01T19:50:56.816534Z",user4651,"20171213070338.0Z"
0,"2018-03-05T13:32:37.874454Z",5431,"2018-03-05T14:22:27.001309Z",user4673,"20171130191345.0Z"
,"2017-11-30T17:54:14.251363Z",,"2017-11-30T16:15:14.645200Z",user4680,"20171130161514.0Z"
0,"2018-03-14T02:37:36.109177Z",92,"2018-03-05T17:00:19.220120Z",user4689,"20171129060615.0Z"
0,"2018-03-12T15:17:53.052742Z",49,"2018-03-07T18:55:48.966905Z",user4715,"20171122193019.0Z"
0,"2018-03-12T13:23:53.626237Z",2004,"2018-02-27T19:00:39.564853Z",user4736,"20171121180730.0Z"
,"2018-03-08T13:45:03.398786Z",,"2017-11-17T23:28:25.786768Z",user4741,"20171117232825.0Z"
0,"2018-03-07T21:38:17.460056Z",34,"2018-02-12T02:59:09.578258Z",user4742,"20171117230439.0Z"
0,"2018-03-13T03:00:48.776204Z",54,"2018-01-26T01:16:37.391566Z",user4755,"20171114210429.0Z"
0,"2018-03-07T02:36:46.017162Z",70,"2018-02-05T18:28:42.628263Z",user4760,"20171114200436.0Z"
0,"2018-03-12T17:34:02.549801Z",65,"2018-02-20T20:55:49.736741Z",user4762,"20171111010427.0Z"
0,"2018-02-23T15:31:51.281163Z",40,"2018-02-03T13:05:23.222532Z",user4772,"20171108212232.0Z"
0,"2018-03-09T00:04:18.568041Z",21,"2018-02-14T16:23:56.458527Z",user4774,"20171108212158.0Z"
0,"2018-03-15T13:01:38.862828Z",63,"2018-02-02T18:50:32.031586Z",user4777,"20171108212127.0Z"
0,"2018-03-12T08:37:20.567582Z",25,"2018-01-18T19:12:00.165072Z",user4800,"20171102205556.0Z"
,,,"2017-11-01T19:00:19.261955Z",user4811,"20171101190019.0Z"
0,"2018-03-05T17:31:12.978652Z",58,"2018-01-22T15:03:17.261986Z",user4838,"20171030180014.0Z"
0,"2018-03-06T17:37:56.933216Z",1183,"2018-01-25T17:04:42.842556Z",user4857,"20171025020405.0Z"
,"2018-01-04T03:27:04.669467Z",2,"2018-01-04T03:39:18.690304Z",user4864,"20171023234803.0Z"
,"2018-02-16T16:51:22.477474Z",5,"2018-02-16T16:51:21.206156Z",user4866,"20171023234739.0Z"
,"2018-01-09T18:00:28.039437Z",,"2017-10-23T23:16:31.602393Z",user4867,"20171023231631.0Z"
0,"2018-03-07T14:10:20.929277Z",60,"2018-01-09T16:25:31.864881Z",user4925,"20171012190414.0Z"
0,"2018-03-15T06:11:59.794152Z",,"2017-10-17T21:01:37.589901Z",user4929,"20171011205825.0Z"
